TITLE,DESC,URL
,,
Category:Level Design FAQ,"This is a directory of Frequently Asked Questions about level editing and using the Hammer editor.
",https://developer.valvesoftware.com/wiki/Category:Level_Design_FAQ
,,
,,
,,
,,
,,
,,
,,
,,
,,
,,
How to Change the Oil in a Ford F-150,"Changing your oil is a necessary part of maintaining your F-150. Engine oil is used to maintain lubrication and drive engine block temperatures down. The cooler an engine runs, the more efficient it can be.",https://www.cjponyparts.com/resources/changing-the-oil-in-your-f150
How To Change Your Oil,"One of the cornerstones of do-it-yourself car maintenance jobs is the home oil change. It's a simple process that requires few tools, and it's a sure way to save some money while you avoid the hassle of sitting in a dull waiting room somewhere reading outdated magazines.",https://www.edmunds.com/how-to/how-to-change-your-oil-the-real-down-and-dirty.html
